{
    "inherits": "../fiducial/yield_params.json",
    "alpha_c_agb": 1.4491557894736842,
    "y0_c_cc": 0.0022027168000000002
}
