,log_c_o,galaxy,redshift,eps_o,log_c_o_err,eps_o_err,O_H,C_O,O_H_err,C_O_err
0,-0.99,abell2895b,3.72096,7.36,0.23,0.02,-1.453176905243696,-0.7796297898192562,0.02,0.23
1,-0.8,none,,8.21,0.2,0.03,-0.6031769052436946,-0.5896297898192563,0.03,0.2
2,-0.68,RXCJ0232−588,1.6448,7.6,0.19,0.24,-1.2131769052436976,-0.4696297898192563,0.24,0.19
3,-0.6,stack,2.4,8.38,0.09,0.1,-0.43317690524369645,-0.3896297898192562,0.1,0.09
4,-1.03,A31.1,1.8339,7.69,0.08,0.13,-1.123176905243696,-0.8196297898192563,0.13,0.08
5,-0.8,M2031,3.5061,7.76,0.09,0.03,-1.0531769052436974,-0.5896297898192563,0.03,0.09
6,-0.62,"Q2343-BX418,",2.3048,7.8,0.1,0.1,-1.0131769052436965,-0.40962978981925624,0.1,0.1
