{
    "inherits": "../fiducial/yield_params.json",
    "alpha_c_agb": 2.173733684210526,
    "y0_c_cc": 0.0019273772
}
